_id,v3_test_1_min,v3_test_1_max,v3_test_1_avg,v2_norm_min,v2_norm_max,v2_norm_avg,v1_min,v1_max,v1_avg,v3_norm_test_2_min,v3_norm_test_2_max,v3_norm_test_2_avg
2013,,,,1.1505149978319906,1.1505149978319906,1.1505149978319906,100.0,100.0,100.0,1.1505149978319906,1.1505149978319906,1.1505149978319906
2011,,,,1.0,1.1505149978319906,1.1003433318879938,50.0,100.0,83.33333333333333,1.0,1.1505149978319906,1.1003433318879938
