_id,v3_test_1_min,v3_test_1_max,v3_test_1_avg,v2_min,v2_max,v2_avg,v2_norm_min,v2_norm_max,v2_norm_avg,v1_min,v1_max,v1_avg,v3_norm_test_2_min,v3_norm_test_2_max,v3_norm_test_2_avg
"{'ugroup': 2019, 'uid': {'$oid': '000000000000000010000017'}}",100,100,100.0,300,300,300.0,1.2385606273598313,1.2385606273598313,1.2385606273598313,10,10,10.0,,,
"{'ugroup': 2011, 'uid': {'$oid': '000000000000000010000017'}}",100,100,100.0,300,300,300.0,1.2385606273598313,1.2385606273598313,1.2385606273598313,10,10,10.0,,,
"{'ugroup': 2015, 'uid': {'$oid': '000000000000000010000016'}}",,,,300,300,300.0,1.2385606273598313,1.2385606273598313,1.2385606273598313,10,10,10.0,,,
"{'ugroup': 2019, 'uid': {'$oid': '000000000000000010000016'}}",100,100,100.0,300,300,300.0,1.2385606273598313,1.2385606273598313,1.2385606273598313,10,10,10.0,,,
"{'ugroup': 2011, 'uid': {'$oid': '000000000000000010000016'}}",100,100,100.0,300,600,400.0,1.2385606273598313,1.3890756251918217,1.288732293303828,10,20,13.333333333333334,,,
